{
	"pages": [{
		"path": "pages/index/index",
		"style": {
       "navigationStyle": "custom",
			"navigationBarTitleText": "uni-app",
      "backgroundColor": "#d5ddc1",
      "onReachBottomDistance": 150,
      "enablePullDownRefresh": true
		}
	},
  {
      "path" : "pages/my/my",
      "style" :                                                                                    
      {
           "navigationStyle": "custom",
          "navigationBarTitleText": "",
          "enablePullDownRefresh": false
      }
      
    }
        ,{
            "path" : "pages/input/input",
            "style" :                                                                                    
            {
                "navigationBarTitleText": "",
                "enablePullDownRefresh": false
            }
            
        }
        ,{
            "path" : "pages/cate/cate",
            "style" :                                                                                    
            {
               "navigationStyle": "custom",
                "navigationBarTitleText": "",
                "enablePullDownRefresh": false,
                "onReachBottomDistance": 150,
                "enablePullDownRefresh": true,
                "backgroundColor": "#aaa"
            }
            
        }
        ,{
            "path" : "pages/login/login",
            "style" :                                                                                    
            {
               "navigationStyle": "custom",
                "navigationBarTitleText": "",
                "enablePullDownRefresh": false
            }
            
        }
        ,{
            "path" : "pages/message/message",
            "style" :                                                                                    
            {
                "navigationBarTitleText": "",
                "enablePullDownRefresh": false
            }
            
        }
    ],
    "subPackages": [
      {
        "root": "subpkg",
        "pages": [
          
        {
                    "path" : "search/search",
                    "style" :                                                                                    
                {
                    "navigationBarTitleText": "",
                    "enablePullDownRefresh": false,
                    "navigationBarBackgroundColor": "#d5e3d4"
                }
                
                }
                ,{
                    "path" : "article_list/article_list",
                    "style" :                                                                                    
                {
                    "navigationStyle": "custom",
                    "navigationBarTitleText": "景点列表",
                    "enablePullDownRefresh": true
                }
                
                }
                ,{
                    "path" : "article_detail/article_detail",
                    "style" :                                                                                    
                {
                    "navigationBarTitleText": "文章详情",
                    "enablePullDownRefresh": false,
                    "backgroundColor": "#d5e3d4",
                    // "backgroundColorTop": "#d5e3d4"
                    "enablePullDownRefresh": true,
                    "navigationBarBackgroundColor": "#d5e3d4"
                }
                
                }
                ,{
                    "path" : "edituser/edituser",
                    "style" :                                                                                    
                {
                    "navigationBarTitleText": "编辑用户信息",
                    "enablePullDownRefresh": true
                }
                
                }
                ,{
                    "path" : "my-article-detail/my-article-detail",
                    "style" :                                                                                    
                {
                    "navigationStyle": "custom",
                    "navigationBarTitleText": "",
                    "enablePullDownRefresh": false
                }
                
                }
                ,{
                    "path" : "my-edit/my-edit",
                    "style" :                                                                                    
                {
                    "navigationBarTitleText": "",
                    "enablePullDownRefresh": false
                }
                
                }
                ,{
                    "path" : "user-home/user-home",
                    "style" :                                                                                    
                {
                  "navigationStyle": "custom",
                    "navigationBarTitleText": "",
                    "enablePullDownRefresh": true
                }
                
                }
                ,{
                    "path" : "history/history",
                    "style" :                                                                                    
                {
                  "navigationStyle": "custom",
                    "navigationBarTitleText": "",
                    "enablePullDownRefresh": true
                }
                
                }
                ,{
                    "path" : "fanslist/fanslist",
                    "style" :                                                                                    
                {
                    "navigationStyle": "custom",
                    "navigationBarTitleText": "",
                    "enablePullDownRefresh": false
                }
                
                }
                ,{
                    "path" : "search_list/search_list",
                    "style" :                                                                                    
                {
                    "navigationBarTitleText": "",
                    "enablePullDownRefresh": false
                }
                
                }
                ,{
                    "path" : "message/message",
                    "style" :                                                                                    
                {
                    "navigationStyle": "custom",
                    "navigationBarTitleText": "",
                    "enablePullDownRefresh": false
                }
                
                }
                ,{
                    "path" : "gropmessage/gropmessage",
                    "style" :                                                                                    
                {
                     "navigationStyle": "custom",
                    "navigationBarTitleText": "",
                    "enablePullDownRefresh": false
                }
                
                }
            ]
      }
    ],
    "tabBar": {
      "list":[
        {
          "pagePath": "pages/index/index",
            "text": "",
            "iconPath": "static/tabs_icon/home.png",
            "selectedIconPath": "static/tabs_icon/home-active.png"
          },
          {
            "pagePath": "pages/cate/cate",
            "text": "",
            "iconPath": "static/tabs_icon/cate.png",
            "selectedIconPath": "static/tabs_icon/cate_active.png"
          },
        {
          "pagePath": "pages/input/input",
          "text": "",
          "iconPath": "static/tabs_icon/input-2.png",
          "selectedIconPath": "static/tabs_icon/input-1.png"
        },{
          "pagePath": "pages/message/message",
          "text": "",
          "iconPath": "static/消息通知 (1).png",
          "selectedIconPath": "static/消息 (1).png"
        }
        ,{
          "pagePath": "pages/my/my",
          "text": "",
          "iconPath": "static/tabs_icon/my.png",
          "selectedIconPath": "static/tabs_icon/my-active.png"
        }
      ]
    },
	"globalStyle": {
		"navigationBarTextStyle": "black",
		"navigationBarTitleText": "uni-app",
		"navigationBarBackgroundColor": "#fff",
		"backgroundColor": "#FFFFFF",
		"app-plus": {
			"background": "#efeff4"
		}
	}
}
